V1,V2
0.012915134717725709,0.03511154076211293
0.0012128280742202224,0.009405056752041716
0.015963089686859312,0.013006951169285203
0.025949781710589887,0.05503402967384033
0.007919508661010665,0.014683055890156789
-0.002757086738769704,-0.02337599328031465
0.008442237750443676,0.018993463851183945
-0.0010997863477565156,-8.262654022772779e-4
-0.00639930367867142,-0.009271444778955834
0.014543027279951383,0.023444878642658068
-0.007413927865608783,-0.003179726672079044
-0.03460108097137697,-0.04336703482371912
-0.007919275266223432,-0.015466360581933772
0.015798192248100664,0.028093457444883556
0.021823242258899523,0.04113498590073827
-0.003373927145343882,-0.004721880659745955
-5.42940266302072e-4,0.002671026237902748
0.008853416348922392,0.01455982716449538
-0.02575388056366132,-0.04122113451194553
0.04908038417421769,0.06147497513782275
-0.00439141303544275,-0.003685327397649944
0.015175708340143769,0.033815194498245604
0.057555628969451475,0.04890945909690985
0.013930505972143814,0.0025795419863080898
-0.0018169851196169484,-0.02321433639009181
-0.025527039778118904,-0.014359808083805674
-0.017856005102024553,-0.028245955244609763
0.0015143209016484362,0.025074595538241998
-0.007102657291422714,-0.022520304085195286
0.014952502099076536,0.025822267088045844
-0.02001515186876168,-0.05118669486370811
0.036897411061590085,0.06264913732151246
-0.024908350299616824,-0.024188961824055846
0.012276315434590457,0.029237695453703732
-0.012185067130321189,-0.017408851374954393
-0.024816308211924806,-0.01957949069227884
0.0061749800551592505,0.01095168052277525
-0.02913522334041621,-0.05136044276740846
0.018737593074583232,0.027665602428010687
0.01992937539106304,0.03850398132030867
0.025962539400016395,0.04109213046556544
0.029745369635827097,0.019275425214086938
-0.011721656521648067,-0.02865064648619664
-0.006711064603837316,-0.021897051625258748
-0.03008303568236913,-0.05679138455254872
0.023165275300230326,0.0371547390804048
-0.008314782668470598,-0.021297649309113535
0.003092095839943094,0.011671610318052538
0.017924651955009533,-1.9791165225562163e-4
0.010610294256751016,0.03256323197505683
0.007917845129093638,0.008162702519853413
-0.024060185710066444,-0.021653626277029537
-0.002743954205052011,-0.009789151667666416
0.022261430479903574,0.029052140899481167
0.007684027321286171,0.01403289371086184
0.021843823105730697,0.027563179962565767
0.013067575177108577,0.008452661568262793
-0.016131577734017303,-0.020730415410782733
-0.013347708883422016,-0.018253684495316343
-3.957956113383593e-4,0.008768019707201832
0.012391377586659183,0.031948639911796396
0.013282016045312211,0.03125498414414103
0.010088437595865158,0.024543911600302174
0.02796124826291953,0.05382086869599149
-0.022453682535206278,-0.03528933019041473
-0.048513969822400735,-0.07609132226982114
-0.017551263175266806,-0.015729192847464293
-0.007448633334543731,-0.015561223225142988
0.034837285673893374,0.08266362429322421
-0.007715065882901991,-0.024753647708491772
-0.0013356705510790528,-0.01306159826422912
-0.014430057180320621,9.01727395015426e-4
-0.01593390553306381,-0.036894954667701506
-0.045840392880005174,-0.06121768218259046
-0.010206691626438036,0.017943739931121295
0.020447597651485263,0.04501644071708164
-0.010404361748267994,-0.020857400948248624
0.03069298328605824,0.03836190464977708
-0.014376767261622686,-0.021625482235268507
-0.012848776813516783,-0.031207870852353842
-0.02191786129645627,-0.04755410779034522
0.029900861348440572,0.042575928601393
0.004605132420526266,-0.0015377312536398687
-0.02072483775997974,-0.027396132442783137
4.8050336970396825e-4,-0.003995226273635088
1.1056591631544818e-5,-0.035288227423132285
0.026583523901408525,0.022001970025518555
-0.01934138223678535,-0.029841057129291575
-0.020471666338022956,-0.016812321047424608
0.020672773964209017,0.03951749981295969
0.013026811216578588,-0.00902675216706478
-0.01759641802260551,-0.00948678981288913
0.034821337769445966,0.06258389825698243
0.002304593973414172,-0.010434989818435438
-0.008011580004706807,-0.006338909864444278
-0.020553622700556946,-0.024461731859745487
-0.03624281511058783,-0.0413250499226076
-0.02942709578738358,-0.027901259824870874
-0.015940583637159493,-0.004952540365074953
0.004834321837123651,0.01116892256304272
0.01430851836537832,0.029761403227042908
-0.004594616531082998,0.017831218097447307
0.02134715501095859,0.041558830132426415
0.005240223380549304,0.017554739367742687
-0.02604474455315765,-0.007165989240810128
-0.0010276997943173623,-0.010447928420692702
-0.024729154063027052,-0.024299524351430277
0.030513498534059446,0.08240730150069964
0.007225666740861031,-9.57031853130797e-6
0.024984004794791008,0.03861015440644495
-0.02346270280507642,-0.05295062526351751
-0.008151947655008485,5.070459943979727e-4
-0.005742231971637238,-0.016668127582932454
-0.0375869089730836,-0.04757664178595933
-0.0022907655853246366,0.014679738416970211
0.023732689977804935,0.01789233046678002
-0.02941284140453871,-0.052705920795939554
-4.337888221978116e-4,0.012207965526138691
-0.003908952142036933,-0.011677789482108488
-0.006366456384325243,-0.01147590792059726
-0.01231316401079114,-0.022932513820806102
-0.016777057683223955,-0.032256743306709613
-0.008075718500809674,-0.0023008437156459495
-0.02728766968114034,-0.02306046179214377
0.005517941469801961,0.004997774328542486
-4.003224204893319e-4,0.003953829241906234
-0.027081113986662977,-0.055621900966655306
-6.401073925148008e-4,0.015421192170474095
-0.03414254121624844,-0.044852628281038746
-0.00214966770450656,-0.010926569025649742
0.015725482073588766,0.029806908124265143
-5.660064294636185e-4,0.018624809685592717
-0.013845047110860821,-0.010156270485093485
-0.026504646074231024,-0.03515598991459721
-0.019815995656385928,-0.015392483080165597
0.03174395273362095,0.03933442102377131
-0.019702615014969792,-0.04047650217072696
-0.0014718505538236907,-0.016087391262458756
-0.020284978059600965,-0.031236505968305534
0.01926097205979798,0.01263097092137447
-0.01318790983578823,-0.020057894858109906
-0.0378175072772123,-0.040574409706645345
0.019205353989062156,0.04330622744974868
0.0131947069529153,0.002708593543834382
-0.0059067731857518225,-0.003757200810729507
-0.011612297052221353,-0.026405074060003867
-0.02478350212860154,-0.04042118145167132
0.020915047174197256,0.0025783200594505173
0.009927308076175577,0.022459005128052593
0.0020985432609140495,0.020571503119145466
-0.009191181974900337,-0.03393660646436562
-0.0024925676134179508,-0.01694190493812139
-0.006335956778430548,-0.006883844601416641
-0.02338947372192155,-0.0546067916160816
-0.003982818167756197,0.023692856490487746
0.022034299858732027,0.012075163359212675
0.01385290319767906,0.050228224949008506
0.023008475431929763,0.0338760211607901
0.012656368492532368,0.003959570583077063
0.03140532229981174,0.02042530987896074
0.006095905392920688,0.008564091971658893
0.038645089579630386,0.05559355859376964
-0.0014585010034900143,0.0027052415042977474
-0.0014215398375912616,0.01391719686793922
-0.016940909143397468,-0.01867322236832845
-0.033647951916582236,-0.016832266119266154
0.0036471384292727357,-0.0043738818106386496
-0.004186826898841938,-0.024622857857833923
-0.03401639598789625,-0.055889971628059115
0.01760120772272056,0.038961815035322464
0.021637473944539132,0.03191539141046175
0.02062799776252178,0.0374126410479007
0.004296465345171979,0.014075362143605373
0.020233959011499464,0.014490936573977249
0.045500936257887745,0.049253248879126375
0.024377380787149433,0.017046594373822693
-0.012741070426479477,-0.007517187273035226
0.01841119897350018,2.1961661473200863e-4
-0.03563043071420723,-0.0195529770035696
-0.019912956301429235,-0.02027558869785853
0.011305423627962224,0.02571951388274803
0.018208884638089496,0.03717041275082499
0.029350546830561618,0.04146031762452826
0.012868679779803518,0.0035961082240597085
-0.029852699809877824,-0.038028756313069616
-0.020909163130247863,-0.03181567921944252
0.013210890561699662,0.02060564939807603
0.00908356074868673,-0.008502507540936429
0.017354157346473435,0.010210349795720356
-0.005132334134004737,-0.020537622762739686
0.008905039352958829,-0.00641929590581148
0.013980141198780632,-0.007892761092171503
0.02077490815963448,0.032650689166296945
0.006086139651277828,-0.016569680801398798
0.00681081889342737,0.012916881842164754
0.009524064997585997,-0.01377234313335084
0.025303109970912167,0.023566404453328183
0.02796543692419996,0.042983442690960834
0.006010210294581498,-0.00995643642760047
0.001718599425460466,-0.02224576033791874
-0.0034217603571121582,-0.014057090396836872
-0.056484858709689965,-0.06710854815516659
-0.013600013587609617,-0.026814013305644407
-0.001297393163414698,-0.025511945150259584
-0.002980095103842127,-0.015037593448514566
-0.019808139101787338,-0.02894460815636832
-0.035916608633356044,-0.044111319422722624
0.025075194528996404,0.0065616257869985425
-0.0233440217430939,-0.032341530945828346
0.017460306513353816,0.048591979314328154
0.02365295384833971,0.02980862861575507
-0.0015270040617755983,7.201877867127373e-4
0.02381555946862613,0.07640537179333869
-0.013615558644614093,-0.0046280827573184375
0.007164378054873091,-0.0015141965960606203
0.02471782146728463,0.03078590067237645
0.013281664399018393,0.023042906625415593
0.012032496723087243,0.008977136249383563
-0.0011370362430454086,-0.006242971276214265
0.01884881160740187,0.026910338842004358
0.0027449770224247817,0.011209725203144437
-0.0071619048485233785,0.0028389292564603287
0.005191210463992265,-0.0017431876785171624
0.002990357266842424,0.003291284182913198
-0.007967913158224583,-0.020726010762543122
0.003982097443263102,0.006216577279921802
-0.01674217279289515,-0.039895617671961904
0.00658385510984995,0.019647137366308107
-0.0028338594736939428,-0.011513009164292048
-0.005549715154908421,-0.022970280480137783
0.012237434545176356,-0.007124180061886887
-0.04419472311920999,-0.04218866832893754
0.013170999996851075,0.02420134051285926
-0.012725008905032609,-0.014223478242045416
-0.02116745361278255,-0.012649485750701935
-0.014805918895615274,-0.026525314119771267
-0.02548958203273021,-0.03780297284909969
0.014189152972700281,0.03425034271740241
0.006276930817535335,0.018125897711693272
0.01207484590452076,0.025403051209040645
0.0026547696596040363,0.0166631101615805
-0.007620620490950577,0.004143900224433967
0.030522005251850046,0.041315238434426506
-0.004768447509848247,-0.007688969089663477
-0.016278226261468926,-0.028119835173733846
-0.008008568624159247,8.303415518433798e-4
0.017203318969358762,0.021792148897707336
0.009743863770341707,0.016139982295918988
-0.03579698955444033,-0.05183106730075341
0.038224639183046256,0.05275429636793431
0.014309863448125206,0.047814402254323714
0.012515475210388094,0.004950548102353323
0.01122244283177514,0.013226377763574736
0.01831993851894246,0.007353161542413193
-0.009132740922625768,-0.011972141285654141
0.042581555590782326,0.040953430418258524
-0.01192607919844669,-0.011333075377934178
0.009726141362813799,0.01727644451016002
0.011738931419522208,0.011436758526254401
0.03257059967610929,0.06501478171068292
-0.004151984883677892,-0.022837057299604144
0.003435475747416822,7.603680548630573e-4
-0.010205161614558752,-0.0376827607147054
-0.05198337125338818,-0.08534832718364042
-0.025385376124769217,-0.03720966774431683
0.05029233674783396,0.07747135479648609
0.026235172940479872,0.019045021356891935
-0.0016884974411372831,-0.016717236875075495
0.020769669837482376,0.021220265111688605
0.00430917201331653,0.0027339905812551204
-0.006910044018816485,-0.004889407761685474
0.0028092217613759577,-0.008576731255469908
-0.010577269409117742,-0.012269471072723163
0.017150867181928504,0.048112864513896056
-0.027162380513707916,-0.025815674165526162
-0.00673817195105531,-0.01739788245879794
0.006684964506142997,-0.010521474850502097
0.018337511239622316,0.03795152546014544
0.022278625414062787,0.06455740722005149
-0.017896534338051426,-0.03229490282196622
8.431147634026352e-4,0.01277953078335787
-0.011893616796064,-0.00981470959244411
0.0196193531509798,0.04360752192547609
-0.019943439087288954,-0.025538570138805543
-0.010694270543954738,-0.018812199419352988
0.02801820282421219,0.036235903214949475
-0.029996652373312355,-0.05606201017229669
0.007038666906394911,0.00935340253920335
-7.669344669715571e-4,0.009034641103131342
-0.024463642647514494,-0.044373072968834734
-0.019699801911260556,-0.003171622549498847
-0.007868377602615145,-0.025509905117407233
0.024411072717158415,0.00764374611230023
0.005042335547315419,0.016524638432470873
-0.022224251811899437,-0.018865412211232783
0.015129076356832215,0.018923281342302836
0.01428689571499034,0.015352855695317446
-0.0023645390839159845,5.411335353848729e-4
-0.007329870074696243,-0.0029086993524058045
0.030211431495154317,0.021730179133459624
-0.017404678219206146,-0.02324810142407806
-0.006256376298452958,-0.008122843111342821
0.0024031906083173205,-0.006394355514346665
-0.02010504703698239,-0.029086038544618435
-0.018956920504368806,-0.02472107263052665
-0.0024027633815225033,-0.013899714495242578
0.030209507017039394,0.0145454249293852
-0.048732448167626084,-0.07565724170175646
-0.016175167731796846,-0.020774540231754103
0.01946556400430262,0.00034054477420806877
0.01974099077619034,0.02774941257612658
-0.019527586781466707,-0.0422255177277873
0.010219902944108544,0.0034843046862897613
0.006002408403283263,0.021585337760380956
-0.029337361995133603,-0.020878729438640095
0.009716134232660751,0.02621652347802524
0.02355713342200166,0.031515058096983496
-0.022401749898282086,-0.013863670408754481
-0.013281306485391085,-0.01545309213712544
0.036566083157665755,0.0711105878577866
0.02181701989256298,0.04408272949317673
0.012375048428328459,0.026611885573486035
-8.031314878334493e-4,-0.0025143849662259492
-0.009762842052287541,-0.010103585741279108
0.01323414824249338,0.0216904861161384
-3.9510368440458775e-4,-0.008714878190953906
-0.007099942787928252,-0.026270834078952653
0.009654198416185979,0.023393037863689962
0.022289844510361752,0.021826557073731257
-0.04609807423971449,-0.05812264380671151
-0.04576782965885065,-0.06454245454170911
-0.009331679310894186,-0.0047247168902052805
0.010872285772108777,0.013753055805250288
-0.014367232277299163,-0.030946922771186453
0.033232563645604174,0.05198809903194094
0.005863578215097698,0.027737843734776328
-0.019771374631466866,-0.024654302390499337
0.005171434768555848,-0.015235337803681253
0.0033932272295022266,0.01053229757045996
-0.019488231088639778,-0.0300394659414502
0.008271226492147217,-0.006629669287753312
0.03985250745615203,0.05278677163967472
-0.0018846544358448246,0.009278752589228953
-0.008936773116951988,-0.0035255047331512073
8.291719980854655e-4,-8.763158862237986e-4
0.006111174176470335,0.023079624227095825
0.008900049480871603,0.0017760181673924908
-0.015671304461148956,-0.01020075310416503
-0.012910217478166357,-0.01611022965306037
0.014393549519587545,0.012091809272348377
0.011984332300950924,0.024034709247427673
9.893845251408837e-4,9.838642509823583e-4
-0.05056686774852293,-0.06743758554018531
0.018627772832359536,0.03643815671020367
-0.001514465762206129,0.0052012231168101115
-0.02360506301794829,-0.038999465413997875
0.0030048889219481617,0.020554703688330886
0.003891127545683795,-0.0052850729333319656
0.057213384398458855,0.0879271932082661
-0.013797680966496334,0.01179726320080768
0.028356775761590968,0.03690971749848743
-0.013166744652535915,0.00653419144869982
-0.00416433670954585,-0.019891881959311086
-0.01133397253665598,-0.006017977625769572
-0.00864203908659429,-0.007091961191484185
0.010420041962587074,0.01279138038183203
-0.016032122106595645,-0.015575277167588579
0.007622094281455822,0.021768565688840075
-0.016256655232801558,-0.03276032005851164
0.009548501526932866,-0.00263748579123449
0.004763882479435105,-0.0035554253134526706
-0.0055806152883188555,-0.014544452349684241
-3.6528361581923013e-4,-0.012311169489421889
0.03750346832762753,0.02935533858697333
0.0221160862057628,0.03477897083419565
-0.006026145986170871,-0.006387733418493288
0.02461669823969287,0.024856352899697776
0.01177944223983827,0.03490503679027972
-0.0020051752573656515,-0.016124248097336546
-0.005595073009225892,-0.0023520824503017765
-0.03381596470487301,-0.053530556498882616
0.0022663241446037536,-0.009083303440422559
-0.003102986279481331,-0.0042689081104965365
0.005629823726660812,0.016054138622916006
0.024363409030861864,0.05155441396513403
-0.02393224876824179,-0.020178724593918843
0.03413484163310469,0.041528057380827404
-0.03623559662569399,-0.05111196506074222
-0.008946348162828051,-0.007146756111582013
-0.01554114316922258,-0.02490750417639243
-0.027927142255035203,-0.02423548366547369
0.013778520458930273,0.03017944961382499
0.0020884015726251766,0.0063235260232879734
0.004196943631761336,0.015701070506044735
-0.02632053726242813,-0.0343852348393587
-0.0014910597830484307,0.013227544924168456
-0.0024299209642084222,-0.008627239946552116
0.00850973592808026,0.0395386603487675
0.00431746477493522,-0.0021301323356930787
-0.007750579520982976,-0.019207060036345144
0.0013355699871529384,0.007866110194288444
-0.01577235237227699,-0.006476011246693137
-0.015342100262252033,-0.0190716475390153
0.012091620657062934,0.004885804993989199
0.03618173206579882,0.039441251981056344
0.017889533870404397,0.02252545477411286
0.002356790216522756,-0.02871682417894592
0.007440556459068078,-0.003608743937916515
0.027284641377050486,0.040291502029436176
-0.01152902009395762,-7.838467715654034e-4
0.007392945990612508,0.006754082605730441
-0.003975779118612036,-0.0016813610699700247
6.551474434771309e-4,-0.0222819688647924
-0.028952546312312987,-0.059746018958226114
-0.021145162007718092,-0.03261221329053724
-0.009799987259413164,-0.004161998156669903
0.05395101826689287,0.061142587075902775
-0.018004732465420774,-0.015624993510235429
0.0061928121257898774,0.004099741898306101
0.0058087131010855445,0.0033630336470334772
0.014279661604180278,-0.009702723880595029
-0.016492392703862914,-0.03416417739414731
-0.0027100994231634133,0.0014644386599604506
0.008631412830248127,-0.00234070861770991
0.010145544095878678,0.014368060984167928
0.00814539611002663,0.010886839880151452
-0.015528449617431092,-0.026267639479970017
-0.010603056690675891,-0.017208301086730788
0.006739226921579045,0.002683125708241797
0.00548618891512569,0.027104298005597882
-0.022536405250498815,-0.03697962194366549
0.023398359651128294,0.03719016475287961
-0.0054439636410177,-0.009992597803670506
-0.01603181053686417,0.0028780322142443657
0.026860016679166935,0.03369679464476414
-0.013309675807871544,-0.033704627424589705
-0.024895555500661918,-0.029880024249942856
-0.01602613539125894,-0.040682409646128
-0.03205995573659071,-0.0320931813081458
0.02123215732520071,0.031172936740331492
0.012231654631677831,0.010879941431332965
0.01036792030358386,0.020589556338148005
8.431167332288654e-4,-0.006834930063523439
0.028213167662595535,0.029475874704668295
-0.01694118193700866,-0.032856772071288086
-0.009803832013620173,-0.007072798124268196
0.004851439146991812,-0.019928919538870212
0.009887590771921648,0.025911423424022247
0.016172156569886114,2.8841603299454915e-4
0.042514628174111134,0.049435854308352185
-0.015503986366251065,-9.188900656991933e-4
0.006295080358978735,0.0036943241441218734
-0.02070598062450145,-0.023112341658471234
0.01528774225080302,0.02822962596586417
0.005794357387111615,-0.0017787106615275703
0.0031995391177211565,0.01585015791731619
-0.023344632331848685,-0.033974538954708915
3.0900051777652926e-4,2.302953170350377e-4
-0.006645710449558742,-0.028209507718924564
0.01696085879223861,0.02880452907085147
-0.005155119143143835,0.00443106877440176
-0.008124537511584831,-0.022602588807393315
-0.025563450911771753,-0.01967475271175897
-0.02285497349620473,-0.02728176694449917
0.015336411242083323,0.019315214450677014
0.04981335049386416,0.05142025682016429
-3.8473416855511395e-4,-0.021114156579315528
0.02777882718327121,0.021382336115342203
0.007799850141663905,0.01845633006994457
0.008244716592894198,0.013716651308499766
0.026684240089153717,0.051373106608948345
-0.052394990794108115,-0.07411335498852671
-0.027958106602896726,-0.03097274011530451
0.033697535301000295,0.04701305021150142
-0.04735084201468694,-0.05546287400495041
0.04841329298709475,0.05700439796570318
-7.979922613802911e-4,-0.010638335978855436
0.025383283122344807,0.026320159366524248
-0.033645231686979506,-0.06004991770673132
-0.003984141329994162,-0.007680405788216651
-0.02431968821133859,-0.03379541140370023
0.00713180314466731,0.00984457282859578
-7.845530701836951e-4,0.015901211108504072
0.016993224551100316,-0.01330561944975235
0.009196342866237174,-0.0014303173307229273
0.009767558321881965,0.023300129237665737
-0.019516341281555823,-0.024847421331689424
-6.331686191702525e-4,0.0015323885180835912
-0.010841508969189215,-0.016121563524709625
-0.0037501835824064957,3.128788403689768e-5
0.009070213325442509,0.023958603068728067
-0.007892612631920112,-0.02920337561769063
0.0056672402955066925,-0.009104578705107162
4.0926035029834013e-4,-0.006979751087138995
0.016179463804075745,0.009368016135541604
-0.012058671293318113,-0.010454635194611173
0.041064326602588255,0.026692476197303163
-0.008856956341241127,-0.010351473072216335
-0.01515355034699356,-0.03236127234810871
-0.007842389451739113,-0.029773907275823096
-0.02536450195937541,-0.0350037942649454
0.03985741315023047,0.06465534051357776
0.010959344671977714,0.0018142691142432935
0.019653440775020764,0.03687736303637676
0.027987128922703466,0.05417269491922312
-0.014640107288525222,-0.011639306302881541
-0.026159195673371837,-0.03225789090661537
-0.020659540873637503,-0.020844725081337247
-0.012113938261505948,-0.03364849760149231
-0.0029125232915520926,-0.023658663967005864
-0.0018553297718250723,-0.0020959207669226845
-0.03700016073369594,-0.04794782923710614
0.006211093802703564,-0.020089611509656175
0.03150138223259814,0.05343423941452759
-0.010798480639144688,0.002299296470458423
-0.015615879497357755,-0.0095870787128822
-5.43268430151123e-5,0.010545585904050709
0.012893297104253427,0.017666962521192896
-0.019001543833462073,-0.01984401418428147
0.012816913921461472,0.024058469287260003
-0.013628448491126977,-0.03457313741842442
0.0011077694781685531,-0.0030483787715494923
0.013306822000939751,0.020831715675016235
-0.033800636524162084,-0.03229663146439584
-0.005204914652378073,-0.01447931819631357
-0.03677983702610222,-0.03623050632634904
0.016697673432562544,0.026115134439537623
0.004040918027720119,-0.003049462042656627
0.010823542897771139,0.017932925842456083
-0.045536973210383046,-0.05245260428923403
0.007799322518017187,0.03082951781479529
0.017620576769439886,0.005493415276778669
0.0015358204444645372,-0.015656491917496223
0.035618461523247255,0.042518628849469775
0.014147306015588565,0.007839266899410745
0.04093577921787904,0.05650453001966221
0.013963023041905966,0.019893300531864246
0.0018255679235101175,0.008916772756359272
-0.0022083933922338126,0.0016243286012196504
0.008955683496013441,0.009025897752211753
0.007357625779747351,0.020663051194575927
0.004030592213763966,0.005810466301964705
-0.020305710797087685,-0.026975726326606688
0.008724622054812496,0.0017028693912194896
7.984722869120459e-4,0.011626532576828557
-0.006070756088597208,0.007440126991030539
-0.004530009822886018,-0.013558432266601717
-0.010159818951648959,-0.01256393748209832
-0.007348790580918196,-0.009587230482486409
0.01434689233298241,0.020812024123763075
0.03950006042539279,0.059600488246331726
0.006381578297576077,0.015791032363422726
0.010164175675915781,0.019774814179330875
0.042264172054664276,0.06410854231563397
-0.00476090234189787,-0.005742492046062197
0.012987268109311206,0.02089807953005931
0.01206464172099265,0.02128759369753502
-0.026552062725346545,-0.02032692526619587
0.020650064871470468,0.04462818981059064
0.022242052707620863,0.025843293387277578
-0.0095295529916238,-0.023624488190623887
-0.019999502321310984,-0.011853813592146274
-0.002518024479361685,-0.005070371001364761
0.0012857266395007757,-0.0015359824956180062
0.04089897188506701,0.05994455331764275
-0.0025001959171922013,0.0018532958413829156
-0.02290289947046965,-0.036887584061376925
0.03955457804046507,0.05060683401537482
-0.0071666956287432335,-0.00794003408961884
-0.03834266966632771,-0.06332019433690107
0.008127076918002595,-4.0815018575369696e-4
-0.006671880059349992,0.008518167871773612
-0.025624720355891573,-0.041624755827102226
-0.03572552719469501,-0.05658431556175018
-0.01729704123580103,-0.017076245972783614
0.038591812451296024,0.04446180718739733
0.002511770783888085,0.011431056472849949
-0.02245490672413372,-0.0466718352345095
-0.02021136599093742,-0.03593663928107609
0.004394117388900083,-0.01765605584772163
0.0033292424959038332,0.006718935396031723
-0.004451788653348698,0.006042189386266796
-0.0044517758196349864,-0.006937974051654168
0.016692053648813113,0.02357991946867994
-0.0036478493757883036,-0.004319818138202888
-0.02334078902319604,-0.030950636922841567
-0.025313346124260127,-0.056201298212955685
-0.00863245136763529,7.098732354339652e-4
-0.020484403919841167,-0.04538015203468322
-0.006267392231825217,-0.005265408058000949
0.04066177420151869,0.06521171789752367
0.028559080301059005,0.03872991119528465
0.004249549723564992,0.016981096536113266
0.0015840191306363736,0.0112329830968671
-0.016829114766759204,0.011974693754682858
0.021844054030675217,0.03584326161102958
0.016656379409896047,0.015801001194307187
0.06591586916887501,0.1048075737595601
0.06355132611324249,0.09346377761023902
-0.025256123719938708,-0.051071114962196705
-0.01652690102218692,-0.04564161261409305
-0.029825226618801763,-0.04874253533958433
0.021076341671215106,0.028930431451955726
0.04651934500923657,0.05866117973091733
0.014677595126459385,0.010285969099394603
0.0020339334465652604,0.009261057625757902
0.03874237383351158,0.054419379196687
0.006584331937111545,0.021156801334007904
-0.020551008977978923,3.269662300651469e-4
6.712719871861327e-4,-0.002370126863954233
-0.005486093554848824,0.026202207796744932
0.004261356632975376,0.006460495015641271
0.019075026248528998,0.02802545424058272
0.004180018702273317,-0.01127234797244173
0.05006703569222437,0.05981583324977415
-0.021302208435275978,-0.020350346785976442
0.0129654606920548,0.00786023336864239
0.03559650974411081,0.04397226593219671
-0.017175938698671143,0.0027476877584321157
-0.00659103391287897,0.008313054845060817
-0.005300934986329088,-0.008207386381710258
0.012089238948835606,0.023552126624042814
0.018581463567027386,0.014787097680745624
0.05624472733667639,0.08836510654688316
-0.01050290146188738,-0.03302357075930056
0.019784604766984955,0.025268143650428242
-0.016356046773438375,-0.031401909806391015
0.004579856875830762,0.013602756259326484
0.011544765476650327,0.02976509958032846
-0.005537935195378379,-0.01383836664297877
-0.005661521521125316,-0.035867273555315965
-0.014307171016105688,-0.013653108121976957
0.005523573466367126,0.004700801731505931
0.022925594185570167,0.0551819769813519
0.01267540238165778,0.03693830838722328
0.019237199868567246,0.028070204086671564
0.015558327895861144,0.028034675223718396
-0.018413191004602505,-0.029594179150624334
0.010743758143555278,0.01825099354083012
0.00937895235578614,0.020795444731724105
0.023094565941156,0.022045690515052698
-0.0126078665802829,-0.014214240048726677
-0.03570286996052013,-0.03757590026111703
-0.006080508008372461,-0.0013828019697173836
3.8550715308874664e-4,-0.003607455686072954
-0.017767223081431395,-0.030282772577716298
0.0051698332902098045,0.010039777755933755
0.008324791008160158,0.009294401461845552
0.022793613187869016,0.029293240110296152
-0.020111112018645075,-0.01416178390648327
-0.005259721508865528,-0.00928639761681939
-0.003008828362795795,0.005867490483803982
-0.054903416461589714,-0.07046817782393847
0.011441151555496486,0.016101729384436343
-0.016191494115545768,-0.018029878588334353
0.016901830459088656,0.03749439200700425
-0.005718878060068851,-0.030401457497878346
0.006550310499200011,0.003857229331144594
-0.015622352267327042,-0.024853046285677312
0.02477405824205562,0.01818079592558553
0.0060506901251650026,0.01222091148640531
0.004456326497406614,0.04574655738957355
-0.04506220499220102,-0.0574922330935981
0.012922601215727752,-0.006220924902525555
-0.03205963448395763,-0.03418470813547302
-0.0029179228281217317,-0.03924776547119011
0.04239285889453462,0.06911467119356425
-0.004160891576601829,0.013689800715380784
0.01604712546837058,0.01233597814907776
0.01679616024435724,0.00924623695357049
-0.03243201641929348,-0.0468835720913598
-0.004290293017592754,-0.019323744471712628
-0.013920633477622192,-0.012551353031287548
0.014452474563782059,0.028871808842889892
-0.004768291135855668,-0.015607750363025674
0.041732030826926975,0.05409076893090601
0.011695253317903626,0.036009618565542405
-0.0022991049075331803,0.020233714574740633
-0.008348871777567234,-0.020278114346300922
-0.016734947313544194,-0.006864467060046644
-0.036291984828772064,-0.040214795007618875
-0.02127958089383193,-0.03205206169166084
0.003843711355577885,0.004083421170459509
0.018679181224258972,0.007350084387248169
0.011012834302484056,0.0022953938924220384
-0.0038455279236400968,0.014624018935255173
0.024881234479615228,0.028943332867778948
-0.04262105063459956,-0.05322250318153337
-0.031128253533926523,-0.018141466604856563
0.002630084005187593,0.01300913819103116
0.0184627564578598,0.03386040883058985
0.008229512326504953,0.037792681534506045
-0.027367123300795826,-0.04264888069553089
0.011356836021624808,0.02386230602693302
-0.011809480003749635,-0.018550038542116024
7.550690434790444e-4,0.027023768582019023
-0.04837578656959375,-0.07555792753500423
-0.0024259878905169606,0.02896537145946343
-0.007203093276395879,-0.006318228902647228
-0.0020237487992015996,0.0012227604126167206
-0.006792570674620068,-0.02928732369842543
-0.015599061472105203,-0.005422449192401769
0.024280993697167245,0.03142228068560511
0.01382555249214964,0.027780198191780126
0.005734500684754302,0.014413091816888575
-0.03755499596982048,-0.04635055534319306
-0.015824782885362678,-0.00927773185395501
0.0013244677057633034,-0.005269897977383876
0.020451718012554427,0.02947286169043194
0.024629259377266535,0.035505350141200966
-0.013851179998852046,-0.01321245302612667
-0.015361171844944087,-0.022982612545807798
0.02388837893046126,0.03536790543517134
-0.05783329696808805,-0.07982693189268364
0.026223937449727477,0.033437809706611726
-0.01859918327750366,-0.02413121414786054
-0.04575959758611458,-0.04264511899146472
-0.025910001803768012,-0.025393010817975157
0.012782092243094853,0.02422151078998097
0.0033886481845402045,-0.007764661644219345
-0.009929077434693487,-0.02552335904284623
0.0039860025505441,0.006324865154361644
-0.014167039043878098,-0.04451242018583091
-0.006221937935391157,-0.032525884228170786
-0.003140101648307277,-6.239819997501944e-4
-0.00581030775974551,-0.03353399316536044
0.04145082053390752,0.07401759764213295
0.021903129648315194,0.014080720521544054
0.00699423845204508,0.0058832753192091265
0.013564184234781321,0.01418059087669882
-0.006580225326387414,-0.011586041492845815
5.687289538134317e-4,0.030343924619474095
0.0011822338230514581,0.012104590824418747
-0.010500373359145266,2.2579796213932082e-4
-0.003525807407932796,0.016866959471037276
0.011943527136354664,0.001799347306064902
0.007461424686692357,0.01347675328737955
-0.026415545955056362,-0.03289221402542549
0.027363795597300324,0.047245670964580426
-0.009250421969613638,-0.02214354923608702
0.003996806579290579,0.024350485048167666
0.020907850486475386,0.011665874785457957
0.012455618930023442,0.02992075253140829
-0.016499387947657245,0.0016032257747969915
-0.019654804494674914,-0.02339519644621815
0.007024126724202818,1.2412727441970877e-4
-0.007541644592128931,-0.01338592262307447
0.021887951955139987,0.04771229940116868
0.038577549250363725,0.04455853229131632
-0.009753883261308058,-0.04028512610388781
6.278134114147579e-4,-0.008426038247194666
0.00940021579024464,0.05344948122447011
-0.008578196928608194,-0.027527760886511956
0.024306162713546332,0.04046938167074086
-0.0012331122707421823,-0.0010890503830711992
0.04820797278321738,0.05600841650398001
-0.011441882697342379,0.010151553567830042
-0.01890755902886676,-0.02351232805573658
0.007615545010163963,-0.029577110769066193
0.01067778060533329,0.018246050676830154
3.137155680955316e-4,2.662592156026057e-4
6.463398390383268e-4,-0.007120140446540088
-0.021622810463204994,-0.03981564632243915
-0.05831785358904638,-0.037464888446989364
-7.108888310589086e-4,0.009699133248916197
-0.021060402039783595,0.002195003507436234
-0.00392701268528097,0.005892872014837674
0.0398115413311832,0.062388766220913675
0.0010889273205660892,-0.009935341946815644
-0.0022199196265009708,-0.01096141814923328
0.007369061791203758,0.030836934234411067
-0.010812696594095702,-0.013155359920256479
-0.008248944303557436,-0.010273424737880012
0.038835972573161584,0.046514467471809276
-0.01683641067769849,-0.01291393608124166
0.0016256922228576416,0.005777843158329501
1.7104398625907772e-5,-0.00614254853581717
0.017356019235976464,0.0676482013804856
0.0440224351604194,0.05082203190284896
-0.011740041338592756,-0.020233851277975407
-0.006649111792941465,-0.014174072888476984
-0.030844626298464607,-0.01212241882311974
-7.637270065749568e-4,0.024799907968040855
-0.013935525819855393,-0.010342737645973866
-0.011909809170344674,-0.019549925032108124
-0.011977649563108456,-0.014877652449667636
0.00655739640165761,0.015895258726657
-0.00908704698101764,-0.0031466258216264515
-0.005964559331755921,-0.010982928840882427
-0.02860489993438874,-0.047688093877909316
-0.03341829816097599,-0.04972028316125069
-0.008587716575975539,-0.010417023365315503
-0.01663651447404819,-0.02347006825041712
0.006784256725860926,0.022575021110910618
-0.014937152718777092,-0.014690402936671804
0.01821656416298908,0.029758375174451627
-0.013179695792608507,0.0038559242865664595
0.022054348139844103,0.044379148923078426
-0.026682477080404395,-0.03976586277468763
0.030203557745118452,0.05606419511029357
-0.002217556548555941,-0.019858374865442677
-0.004742936739537674,0.005682447061076381
0.024627798015824657,0.037110400550865154
0.0018753367046449327,-0.0014739828331993758
0.009371100807282182,0.0038981732494352407
0.006716676448066127,-0.00887824972845696
0.005677041223514196,-4.700761747286218e-5
0.01510874273438037,0.008390224328488398
0.014586492433220188,-0.007436142525262158
-0.02026247158762072,-0.015820097388499037
-0.005569698343951617,-0.020886015232718692
0.006760697768247087,0.021054276440662344
-0.02653008107813438,-0.043859523881159435
-0.011316121111587281,-0.025314780519968664
0.030575365995859232,0.04424596873570002
0.01462162277343011,0.018688312301842203
0.005545794475153765,0.012821150208529709
0.00396092751997495,0.011857157325434874
0.014597427036202487,0.01753968195878896
0.012964547730549848,-0.015152296286879271
-0.0020816264091159976,-0.007339950786255366
0.002316536107555892,0.014704410581304504
0.017179743493932472,0.032340593631504044
-0.016680727669810925,-0.02081757806557401
0.01587784958317426,0.007330805323311117
-0.02468746573170049,-0.04695302990987278
-0.01517687760482541,-0.02180157043169716
0.007251139781325468,0.01590090697542831
0.025761077369438362,0.04105287169895923
-0.0039922241719490825,0.0068663884074038365
-0.003692118135751489,-0.020053117908607594
0.013310967283003008,0.0010792699158866117
0.018783080009643648,0.031113254272193837
-0.016435161362556985,-0.031884252396593746
-0.007637673215866159,-0.004938522901041641
-0.026320403261348848,-0.01703138930591157
-0.006323298269793356,-0.012011669600245599
0.022874917982654577,0.01918096710240903
-7.294086730777088e-4,0.011614908005945614
-0.01497825592509656,-0.008486663253015734
0.014670935895818362,0.01435386395509679
0.0016027952049580063,0.017118588202510835
0.009916653238228563,0.014077637554718742
0.0055025265390381585,0.013200752820799333
0.011964474969028544,-0.003015337758416774
-2.055716216076836e-4,-0.003366769258044497
-0.0012226415749105523,-0.0029583065331549143
-0.00901539286172427,-0.023894679122877415
0.019204123492740786,0.016963605582731172
0.005325864550833569,-0.013441202425864341
0.00969114493583862,0.0083541807179297
-0.023047138749908637,-0.042251694429333915
-0.003765586536350994,-0.014124099046231247
0.006957400363347674,0.0172060277473362
0.020683556646172833,0.02812395308900966
-0.015505158637713186,-0.013593098833346392
-0.037149776559336614,-0.05507095319367027
-0.008252464071283206,-0.017133541823749373
0.00856181212419794,-4.5521610173762e-4
-0.0050316041160264075,-0.007708816224474708
-0.023000955114202106,-0.03005795249455714
-0.012065094682537955,-0.022868875799843615
0.019360923093946533,0.0408766194802761
0.029416500387115043,0.05110882078495485
-0.00494145904906265,0.003010401730237269
0.03228282723734199,0.05847001860553499
0.010339327395677791,0.02517409400697215
0.0134627293040613,0.013010977049393515
0.009327393382608582,-0.0018264022694848233
0.024048479325735728,0.030754091975136105
-0.03221789164468198,-0.04202884077326847
-0.04311002084795628,-0.06616478515402174
-7.886399437759804e-6,-0.011158242355757613
0.028582135374691696,0.05604775808822788
0.0014570470942200915,-0.016474409600367744
0.007351608633621347,0.032993730835522456
0.020221167446336855,0.02283366373456304
0.005012432413153243,0.0023024491636249957
-0.0017267129444143376,-0.014060039124545341
-0.020293307918189247,-0.013343900915113144
-0.015724064271910507,-0.012486154276986138
0.004300262846762527,-0.0022427376767224804
0.020172069791083644,0.04062353014594039
-0.024796314406853284,-0.02864869926431397
0.019963129766062973,0.02535196676214776
0.031845208307888506,0.04675355505877953
0.016876495131534112,-5.574564368137205e-4
-0.017619306089332303,-0.021890067191523054
-0.009215327262089366,-0.025382024103071974
-0.014363907070772657,-0.03083291866361274
0.00271172226448716,-0.017314706997748407
-0.01211953893728265,-0.024594223386991906
-0.032138168158886045,-0.035217016046247114
7.253879467262067e-4,2.0097783107208785e-4
0.005378982137452618,-0.0018681774482479838
0.0020238595456968525,-0.006654419062449899
0.02909663517669534,0.05447460931572037
0.020246887947308178,0.035791826856486554
0.014427455722704579,0.003509682859072835
3.639186194847512e-4,-0.001227768180916434
-0.02262941401946584,-0.04375774636302785
-0.02645357109308444,-0.04466606258671645
0.0010327148517672,0.010483186785153396
0.024032399258518078,0.02451405693570313
0.009527302132359168,0.019006832738676007
-0.006130752704006965,-0.01544114421556452
0.001149622673082116,0.008056659353305483
0.003160340963004736,0.0035720535343596784
-0.014911776498377546,0.004009642374283863
0.01132928858289171,0.008601125274700742
0.024957920782157354,0.02742263224587257
0.005958274484443192,0.023209451759840297
-0.003500870914693387,0.003075552275994728
0.028892051424330056,0.03544953431013569
0.0361484469054852,0.02982209558210668
0.007335572737611295,0.012627933804452271
0.007056035142288752,0.0268641097536337
0.011501948320808445,0.04302396054145598
-0.053533707256819,-0.0652104717809906
0.010504767794540345,0.002627040739845064
-0.030067626892625564,-0.057249628051567185
0.01682956344886135,0.03868210986562337
-0.011825533708551883,-0.02422759934735978
-0.02463441086417255,-0.04106912705755277
-0.00460705743961656,-0.022177149724124646
0.029469936167213218,0.050481840987074894
-0.019694362422374524,-0.03908900123006519
-0.01069998079569718,-0.018282379466833264
-0.03839683506233386,-0.08897483677279891
0.014875518128567312,0.011457183770898752
-0.008291945177150104,0.0031089877818356432
-0.012560512543559775,-0.006965605333763751
-0.02183783489038025,-0.0367308076643457
0.00991687080252039,0.01832353792493781
-0.03587138745991693,-0.07128551223455704
-0.014678264847212977,-0.017947714232144047
0.004559207092611969,0.012319085570987563
-0.008767419374140214,-0.0019740555949580353
0.016702546465258462,0.036362617629793564
0.01534476071185876,0.010131762079590968
-1.716443018255165e-4,0.003709429478951856
-0.0015574341778830398,-0.005946030302791895
-0.005108157515956446,0.0021409639619223444
-0.02360235708524178,-0.037406309249883404
0.028087947108243937,0.05001024991653603
0.02313184607270133,0.005939450393717903
-0.022296708157077648,-0.00464880251761233
0.0421212558796226,0.05469085872461703
0.006559736660510731,0.006380633350442258
-0.0025048369734021595,-0.007780506585416317
-0.024741598261592508,-0.03849512712024401
-0.015013926619601957,-0.031061429167559263
0.00939716082641989,0.03273895071704596
-0.006070445207664928,0.003186238399500631
-0.01860559393665164,-0.013360266112234004
0.015196934710376135,0.0031463058558403637
0.03984359939676455,0.03872041699224093
0.03197264622053461,0.03286964301684105
0.009975199520838432,0.010924892627034279
-0.00720736847133183,-0.03160916978313679
-8.439774399711221e-4,-0.0038785240122151308
0.00741819056981253,0.0010238254736485964
-0.0031665271724962813,0.010968230667831173
-0.015989731267970854,-0.030812726812887086
-0.02894027634314447,-0.05045221626375295
0.011744328825236725,0.009890324014346539
-0.00901122045175795,-0.017806094290881057
-0.007810780125650707,0.007023466651652368
-0.025623526836433326,-0.03829619796830607
0.012205169163296004,0.028479645048982784
0.022973529340995953,0.028879642230549337
-0.01639516225045328,-0.016130510208708912
0.03544962583298126,0.041534751312469774
-0.01137309711559876,-0.023475649030053614
-0.008298638736419575,-0.007035768685556847
-0.005501713482056848,-0.02366730355395
0.008592814300921642,-0.007809487536827682
0.032505325985281816,0.05400411244869416
-0.0017748044614998193,-0.012123387342461368
-0.003054988946746123,-0.006202727599006659
-0.027786731811450888,-0.014486273026400083
-0.00416425114181283,-0.026861220581111553
-0.013009218310947491,-0.011245262076970465
0.011691286680042098,0.013439726131958074
0.019201808199692885,0.034377318457339295
-0.017396352865560606,-0.012104646664777678
-0.001444417983481422,0.003911172340705005
-0.012267950677437378,-0.005515388174931734
-0.01967245579601521,-0.034440547522605204
0.017007030185820195,0.036864070715956154
0.03292917599205879,0.03353016713891993
-0.0049356676436981065,4.620714462967879e-4
0.018909778417092342,0.023601234617724773
-0.027457846971783648,-0.02003268579694842
0.028839265551775226,0.06470059166565552
0.00496229424633139,0.014412616149267669
0.0033521622470549404,4.116737230917476e-4
-0.012129584134672496,-0.017788727858515464
0.008432219637469459,0.016045533464203048
-0.016977649940270484,-0.023441854941415888
0.01797960447088267,0.025851501697155152
-0.04103334534176244,-0.04699595321131509
-0.011659674509055673,-0.01642802086616209
-0.02793994752111112,-0.03135709275155663
-0.01417729414245312,-0.023982172877171103
-0.013816337046650154,-0.014744590917841206
-0.015475886558834539,-0.020304529175908668
0.007187917260698855,0.001226705490611419
-5.896944587325339e-4,-0.004433671380182332
-0.004393427002017065,0.013873484188971516
-0.012285125818443045,-0.019388370544573746
-0.028001054416573547,-0.05804368362775429
-0.017302842791348576,-0.019468743589520037
5.98214076112972e-4,0.014076242621553695
-0.045747373855456096,-0.06018345407074865
-0.002529460111387295,0.008462828039417029
0.01857519581222454,0.033729960042691416
0.014196120728898254,0.03436850819817131
-0.001860301614634399,-0.029161579659308753
-0.03600223215613742,-0.046650696523847054
0.0029062204305799347,0.010860292072378432
0.03936117161581648,0.04919151064095639
0.04241554116894337,0.04626481531043224
-0.009868211160741167,-0.026309145570430795
-0.006473891675868209,-0.02596580943243123
-0.026283043924550775,-0.027765014443410188
0.009239147989237383,0.017568046907536217
-0.02554579971987185,-0.05601829312211013
-0.0161767730939726,0.018066320471232956
0.023186382347327436,0.04195563652089993
0.01826501441719273,0.016036159471632196
0.020091301270615928,0.03321507599857545
0.02839376150995361,0.03641922791313036
-0.005641311250479527,-0.006057865421430118
-0.01890310673589669,-0.019814989476928755
0.007376411944215934,0.009439203530871647
0.0035453159663769653,-0.01093723698984863
-0.043043489643245,-0.02881590516230512
0.002228005493485285,0.03413887465768303
3.1786456937335343e-4,-0.010687544447209624
0.056314771424829636,0.07692491860692136
0.005189144739112687,0.017427168650753423
0.0018531071110481166,-0.01853213511120509
6.568819482173912e-4,0.018986991841024002
0.014434181682376436,0.004161244614048879
-0.05086402864531221,-0.09995690587476377
7.995972509858686e-4,-0.014237886722154406
0.02837992276862356,0.045186366774332944
0.012452291237595248,0.009029200065028688
-0.005449661110755991,0.00670989806050073
-0.0021273987197784495,-0.005293206708278609
0.027982725504247016,0.03206422167611193
0.0027253902184816146,0.012452203642251915
0.004789472086572001,-0.01670297797860791
0.0021176858850253037,0.01786067204576086
0.02555156193022832,0.03217291040358425
0.01001434601504499,0.01554799162430311
-0.0202069501282103,-0.027817782928527483
0.015882396522384244,0.01622205647236786
-0.02414526994770352,-0.0025170733864261553
0.028179842536955546,0.03977496635984226
0.019848218320205425,0.03166790090672938
0.01106737256480687,0.007700402641518833
0.0096512922278502,0.03603956941763717
0.018389104891900206,0.02918351942531907
0.014876952455275236,0.012079129371693177
7.167878158606715e-4,-0.007032660682511793
0.013977518707978809,0.020986407533594834
-0.002443200973056987,-0.01324521787962874
-0.006031242719567972,-0.027184463012795142
-0.01704813979308795,-0.01999013450276863
0.007564436674193384,0.006013130170118006
-8.99035008082963e-4,-3.191159071357651e-4
0.017806895342086213,0.035716242417008194
7.774266906852107e-5,-5.568023734357019e-4
0.02708805574079407,0.03005007301271445
-0.0073469002394084895,-0.0021086222231312753
-0.033743093550437274,-0.06977322689504695
-0.006792860299015558,0.011506584098494648
0.04500812742952438,0.04563332208917697
0.021363533346494695,0.026430713937312673
-0.015817506136496545,-0.020429229876255495
-0.024075999696166903,-0.044539970249799915
-0.03719168012728139,-0.060201000816569906
-0.03841291609018306,-0.05729767568445455
-0.050282291669502197,-0.07150247087328554
0.02100231210872206,0.012882180901933658
0.01884569864032138,0.01715905430987831
-0.023103100064410128,-0.028268725796816472
2.388418411805402e-4,0.0037095169148941435
-9.49353818953669e-4,0.02032456451913581
0.030150889215933844,0.07817569593838206
-0.02936634380103251,-0.017895575839546263
-0.018189550429859692,-0.01764979508886132
0.008587458213013398,0.004068824310737672
0.0047384122052088005,6.249808124221585e-4
-0.03339016601851127,-0.02585976856410181
0.035691550592490684,0.047149910894164475
-0.019818020830444955,-0.022730112831176267
0.02826345056031072,0.052000154087497155
-0.020669060409673968,-0.014857261754145356
-0.036974263698376454,-0.05694758122331884
-0.019511265577198678,-0.021380089980960124
0.0045473195716175235,-0.01845521479486142
0.00581380584811398,-0.002920316196042261
-0.006536820282955498,-0.013121477953111063
0.012114760986046703,-0.0030895350788258864
0.008322890261569347,-0.0012150006080088181
-0.009322018068100027,-0.009364229087656134
0.013471495580704517,0.00820284987600159
0.004308749450704748,0.004365367490414664
-0.05589016847928997,-0.0767470826818899
0.0185220627699797,0.018000007497195974
0.03726706624680604,0.05137746495725082
0.028690573625201755,0.019195745330475515
-8.248137159358828e-4,0.010153471639656035
-0.005332102608214125,0.0019952760112999647
0.007931094073604395,0.032450373397083294
-0.017040116692473264,-0.054344145656689526
-0.01794674425625913,-0.03264349691167532
0.03999610644245835,0.07385501123091602
0.011464166512774212,0.016573158563996625
0.01352414872761329,0.03199851448803082
0.008027145165478072,0.016510714623452136
-0.02551732861690103,-0.046750947225316884
-0.02383757162705966,-0.041117516173434406
0.03205237538664103,0.02774623514458709
-0.025091465435170476,-0.030160307146589158
-0.015042516665144863,-0.02396079875714187
5.943922145903626e-4,-0.008885572210687856
0.0072869895181804645,0.014458149034919366
0.022004476938494364,0.02846156749353576
0.008255713673262773,-0.008552731553027946
-0.014972225461943784,-0.037927889458534154
-2.4716531906239893e-4,0.04969155607684732
-0.012611485514834543,-0.020610673004568352
-0.026448122550710437,-0.03964225461710189
-0.015562897198318867,0.0030089985258499367
-0.0015818078393221853,0.028250011403014263
-0.02042410793804519,-0.04251328934010668
-0.018698134667422994,-0.0191630757360682
-0.008718461233946045,0.0023748606776520793
0.0077611321102471955,0.001621740548862769
5.40214907159226e-4,-0.002988337979338069
0.01660352701969321,0.015618264537440201
0.007931710344639912,0.016641262902876652
-0.0023920418323598786,-0.019203337654462332
0.03940333458399967,0.05582795229255475
0.003444656219930258,0.015025522461123998
-0.028200551684996376,-0.0326259377368429
0.023560834577861196,0.03816691068444645
-3.444058854202638e-4,0.00581346873083182
-0.02625541143255898,-0.04123573836033008
-0.016344293546181398,-0.017176915854550223
-0.014423648085708507,-0.024685400401901144
9.266967305592346e-4,0.006228166608579368
0.016271408925542234,-0.0038285741424500413
0.05286677010236749,0.08285432164748033
0.0257286438421025,0.029035399010299414
-0.0024542799834815256,0.01011802400278001
0.013767651465694353,0.03185175726186065
-0.044902641397795706,-0.05573524096533319
-0.03291261346676469,-0.04446155128379422
-0.049629879222529386,-0.08351776130620452
0.01844545013656867,0.020441413142775942
0.019246040932873045,0.02378764286107869
-0.004370902108201116,-0.005080693775117108
0.004973848357230198,0.007828384580216279
0.006179804076829415,0.00651519803407927
0.010276021269883502,0.023955079141578663
0.010285773863326806,0.039355848084870096
-0.015210995057700408,-0.02963886325494855
0.004160874560687412,0.017450266320067218
-0.023813707045631623,-0.031161455943294458
-0.0023668118479187386,0.013864971294576676
-0.0015651521941681085,-0.014168875214637057
-0.009209193871702806,-0.004630511694577533
0.012179567482314442,0.024990741533477006
-0.0013629353498966516,0.009790512420699516
-0.025101367010185064,-0.02551905101253637
0.004504901350903102,0.008296888715188497
0.00875733132247391,-0.002091060426094933
-0.003378183079095015,0.022146851121016994
-0.001330843279672245,-0.023683816201055034
0.007189716453980524,-0.0067000174171793665
-0.006138103656005374,-0.002192465208682557
0.03289752937715906,0.015242310614938045
-0.03028595820221075,-0.03933600879629382
0.0011980610709268111,-0.019381721124551634
8.809017915912959e-4,0.002073358634214737
0.0012070164022733258,0.0232093155223815
0.017688024125732543,0.02524301812579101
-0.0034515454444457613,-0.002967543316035382
0.01564503351516787,0.01921826849826414
0.0026580305120299415,-0.017340899432243834
-0.0022751423374719327,-0.012506396157114222
0.0015034818394893833,0.007628766523759739
0.04530587343092521,0.08675202132850904
0.008560709065316235,0.02538576016175544
0.004715669476601464,-0.013480188411790868
0.0076446606648574115,0.0015532399236463427
-1.8894282671809317e-4,0.025953794488915476
0.023501789528865863,0.009024438124575358
-0.0023871054772250534,0.015309998728891739
0.02198688941639849,0.0328562903868152
-0.0421376857134362,-0.0539843908352723
0.005950269567332621,0.019241906894696008
-0.023274477255424725,-0.01596910268874237
-0.005547637263378915,-0.005517769860077413
0.03931013699337553,0.04859713795070641
0.022168632157837688,0.039780298017068054
0.01639340446970465,0.006258127390332989
0.0191448965073924,0.010648436366203514
-0.010569028339799849,-0.03169769747589891
-0.0016075503371103346,-0.018664016734192268
-0.03386227534954584,-0.06279536757786815
0.02145476503838031,0.04487828281018352
0.009991221841647921,0.0033354300235070348
0.027595491413738016,0.05670918324099828
-8.99092229165756e-5,-0.01903027097658725
-0.020639166335525528,-0.051070019307834766
-0.019712484889416872,-0.027625610186124503
0.014448503631400496,0.003941790124676542
-0.019500628809072735,-0.029158476982990757
0.008943970165821722,0.023466539931600885
-0.0011023138944376472,9.685045049791461e-4
0.012147941028811749,-0.007251473431932111
-0.029997270073937113,-0.05380309786060605
-0.018703325347229505,-0.03379877436666021
0.010148898320762356,0.006765501497049675
0.045268634824551283,0.0526689604788046
0.05636163324237865,0.04864271895185809
-0.006094812057832603,0.009099477142190376
0.01247921745856415,0.013331447314717729
-0.021898172474818664,-0.04069469342421563
0.002704577848254492,0.0014266078496995615
0.002677417119216476,0.022982423523162238
-0.017776034928730856,-0.025812536977368822
0.006879963887542027,-0.003844522906086695
0.009232112662349258,-0.017906329001298318
0.007379748695279071,0.0034818990583207195
0.019275024579467198,0.023120106769949716
0.027219665268509427,0.024091990700069912
-0.009461818319135881,-0.023479786203515308
-0.03410151721079083,-0.04330950472229854
-0.012691442837740503,-0.016314062225100196
0.010346049600620633,0.025175504148630404
0.0018950320419379848,-0.0015690316794556881
0.03888437505602576,0.05907265759316536
-0.01962693926225346,-0.035401564080872285
0.013579536005925569,0.022088651425157393
-0.027749407827379193,-0.017413063202460482
-0.008212411572700366,0.0016367593522064942
-0.022274841212921666,-0.020574982765541282
0.01959979820163302,0.019000651168378967
0.013795214060875376,0.015560210216446792
0.003004880261025894,-0.009314271876079595
-0.02179778834269593,-0.024862493957249914
-0.006233908107505737,0.006337490317279943
-0.006112236240489644,-0.026900950769154785
0.01616346461285395,0.0362755077712336
-0.036304694755497004,-0.06648797777949698
0.004658348660765137,0.0046245466272673555
0.008052571757451919,0.005875635810646035
-0.029914063443013974,-0.046747030919547565
0.003675316799345423,-0.008774293309018246
0.01775954607151007,0.0164426174981203
-0.009000959215066552,-0.013435641997207303
0.0013333579361316287,-0.011354985314596736
0.013381107968673122,0.0198963074743261
-0.02775118888733291,-0.04568710504108048
-0.001287863757058025,-0.02944622216955103
-0.022553844362595523,-0.026501675097867803
-0.027492108758783055,-0.027884186299999947
0.035954279831529844,0.048704384206259436
-0.0031227380351313365,-0.005894842908882282
0.007198636255954165,0.024578992826748056
-0.006610995462911086,-0.016653644384707855
0.032997726805421394,0.06658872827228152
0.02704817917598837,0.04567912540181485
-0.0284769179358691,-0.05541311242476394
-0.008932725155847594,-0.02229059247226294
0.02139003603056361,0.029990646317830858
0.026538744348187763,0.023344150450496547
-0.02623862474859478,-0.043861898401840446
0.022105499747896544,0.02436184663643862
-0.03942359289321879,-0.06391779017537007
0.01823974470865668,0.0372698061259212
-0.023599326239123707,-0.04180902778604089
-0.008247774697920278,-0.006146718063989649
-0.016951493498554758,-0.02990533650413239
-0.018841445332091672,-0.011225550785171026
-0.007613099285644277,-0.006171983522548153
0.004361199519401334,0.011096085686775317
0.01107606363857969,0.028886296020078524
0.021854004310073536,0.019050745457920144
-0.02687209211766506,-0.035847035972802366
-0.013949167737285675,-0.022736914563131524
0.009336278685266436,0.015728091057405996
-0.0028830027897585883,0.0030787937271817872
-0.03297403278114538,-0.04072439182587002
-0.02078027953690803,-0.03208660803836921
0.012945619830840313,0.011155614500552555
0.00396429931591222,0.019235422249322436
-0.01171045342386906,-0.02416100156190206
0.013771721643170799,0.03191819968613851
-0.027280219318442656,-0.04363854869242143
0.024963735946576342,0.025867742187347675
0.050312412652416004,0.07644306954353645
-0.031092928649638467,-0.039532280686065936
-0.01714513764763157,-0.010671942053502203
0.006217104480025014,0.003272253328234893
-0.017735040355406646,-0.014144388879464483
0.0352660385640593,0.06984545762564705
0.026153596797498454,0.04730236312531299
-0.032368543658813934,-0.030679447077579223
-0.013646252907237682,-0.005085569241972126
0.004302897926517243,0.025645222306160065
0.005252795198090328,-0.0034667548133873395
0.05233260695202768,0.0649336304069089
-0.026204563706404244,-0.037132385805755966
0.021818702643640223,0.04141365998823464
-0.02829769736401884,-0.03441204486123374
0.014945319210160549,0.028473344722277107
-0.0032539850631248144,0.003989977336673375
0.009404192677384546,0.025589960899092233
-0.03402882594523048,-0.04343064523383564
0.029699013277648494,0.04836807086259883
-0.022502435777657516,-0.0318189181488303
-0.013763951975772381,-0.020808201270483447
-5.386492273028261e-4,0.032193297418440354
0.0027725370021147886,0.00560476960461463
-0.0012046741382696184,0.005684822990763682
-0.022295389933099645,-0.02343245124065945
0.004644626227172991,0.0016309898244732976
-0.004973548484828526,0.01141381250443502
0.0033711284904099693,0.02675097881413032
-0.013338261341996503,-0.04454207061118442
0.02007247825600084,0.04639091417350034
0.013118616182154635,0.003714090220897038
0.0071567936622527195,0.029263815946245577
-0.002769575531492365,0.0062176553813573345
0.02944733553751074,0.05557155161359922
-0.005129742896939696,-0.019246770655158986
-0.006673926610981136,-4.89854126967721e-4
0.02334671233729044,0.03786095751746094
-0.028457755728081936,-0.042085716392532856
-0.005748029738259899,-0.009938780986145415
-0.029875822819405633,-0.044759578187969454
0.007645296338967119,0.015607907674684656
0.017949844900416654,0.003960921524239483
0.026628543703916735,0.06562741969849026
0.008420143148757324,9.313817536698405e-5
-0.02159598791539548,-0.01851685890831177
-0.015961894464801434,-0.015954642622067524
5.915789676194441e-4,0.023042131622680564
0.017195313267294062,0.02353703253079484
0.03606124964056247,0.040631589079345574
0.02318570144466526,0.0305688987197751
-5.502788549799661e-4,0.016566433681282355
-0.033787868334078,-0.04923963755226249
-0.037267048403985155,-0.05222114516873673
-0.018367859798717905,-0.040209443969617446
-0.00349204840002815,-0.004320364369589824
-0.010970364205806864,-0.020578134706361377
-0.016470789118425415,-0.012212079227463394
-0.014420610383833148,-0.027737797367479933
-0.0032250443483138186,-0.01644509441383096
-0.0033359796596703416,-0.008114933460984578
-0.027917496381964193,-0.039722026306606074
0.0164961748016939,0.01371266396291522
-0.024703272269307432,-0.04771625982378826
-0.023926588434657864,-0.03450353086111567
0.016586615297353315,0.006507545250191855
0.03228859393065546,0.06216106756243777
0.041367293757162006,0.05676632675167695
0.0043289730028403615,0.011471494341012784
-0.003981495624597169,0.008257165009744938
-0.02966240115239082,-0.04052381234933816
0.004829253094702425,0.006661603743231608
-0.021510736179460144,-0.0205726042698362
-0.005350821972916328,-0.0178648101692969
-0.002429237744295164,-0.0024136110832562075
0.004968962467775338,-0.02276103906795837
-0.025827795768566315,-0.025638046525229035
0.016514097244349154,-0.006732436690518198
-0.0020109897770101324,-0.003275710725522857
0.037726572403789814,0.03465886236890512
0.02365428993479765,0.016792736536453804
0.02490824092511781,0.03098515991266825
0.03247699876098491,0.029914925351332024
0.01647090249891909,0.02241501331920008
0.015205353127773658,0.046727590422665055
-0.0016764623786867292,-0.012912922928528164
-0.014095850262429589,-0.018152188530602856
-0.016098697720927285,-0.03223445738708584
-0.016126220717162965,-0.03262999657394187
-0.017266499317970137,-0.05267872292390204
-0.01338193808124877,-0.0024139640554177865
-0.03662287483076492,-0.06586087485264228
0.01722861045582881,0.01658394757455448
0.021980696657933833,0.029508174325421504
0.010295326197567145,-0.00849183454017071
0.017478956505107165,0.013744508599386227
-0.0017817515312154811,-0.010600546435160058
-0.0213240649696032,-0.046587417154587245
0.024333551265314585,0.024994628962680773
3.788889402915807e-4,-0.0030975854905720573
0.020434451280132885,0.019806679977973463
0.014962659965929298,0.014254675270211391
0.016930376298797373,0.020385511914681503
-0.015629648956756684,-0.0508179595000879
-0.015121359636131575,-0.017266025328892997
-0.017468970720525345,-0.012345664751735683
0.03221466766682687,0.06155294859703631
-0.014934841614225014,-0.02808867047625714
0.02016781874692495,0.048770779656165796
0.032090222522871595,0.03716505644617237
-0.046461802358845145,-0.06156327178481216
-0.012444653148860969,-0.024871865849542537
-0.002049670815753251,0.00200899391448842
0.0014886610554302624,-0.004490445789554948
-0.02903196667162724,-0.04311999564002618
2.2278895473315464e-4,-0.02186692055348709
0.012243430132379565,0.02117083476148934
0.02086902256613576,0.011980685209252584
0.02784735244068173,0.044331736631956206
-0.024152922617262797,-0.02684398143647456
-0.006263211631133889,-0.02828390015473593
-0.013401808092883927,-0.016043112272009843
-0.061416120421170416,-0.09109337680204353
-0.007413380656094249,-0.010873595977158505
0.007135044396053308,-0.0027298831013104923
0.028087385812210233,0.02285941720919539
0.012440923956569365,0.023387994738112268
-0.016538547090433637,-0.011396169530926906
0.01637622353510519,0.009377374440309597
0.004780869400840226,0.004487689830442964
-0.0069962184769468486,0.0047325327769082454
-0.04034101711340269,-0.0720696733795125
0.022080966619211637,0.048335114404376156
0.014369276445413404,0.028495846493854084
-0.021271814166660106,-0.01871007257916015
0.013073853979954291,0.010018432346148418
-0.011505502095200458,-0.013119975356388942
0.003667406349948113,0.004886637871807575
-0.004760531897871687,-0.023613034270953518
0.007620443059076117,0.02300559398026742
-0.023066214592614362,-0.037135225683566454
0.003947276952883329,0.0034928393151966936
-0.01796416003786367,-0.040060333788647914
7.079740202197831e-5,0.015478341162593723
4.4524069054044347e-4,0.016933726782472756
-0.018569754546800408,-0.031256535336124075
-0.014180682032302622,-0.033856008186474267
0.024466528678605264,0.03188672374813937
0.02724576095100384,0.01793072122458221
0.015200350489218965,0.0033458262701868773
0.0023043045467103776,0.010453470174676719
0.03343494730124573,0.04931141597388372
6.089838932710206e-4,-0.02050029098922402
0.016783459591198764,0.03142964539191434
-0.022154736786862864,-0.03721466532124675
0.02449290938940741,0.05050288007242643
0.002766824715543086,0.016446117239685597
0.001058353455381602,0.006878722846001053
0.03763007117888136,0.05859807941133488
-0.008229992321158326,-0.02823747611834915
-0.00597621390529068,-0.01485807967270235
0.03889278072575866,0.06534329852700635
-0.01696626817184808,-0.013435033038892253
0.07787650029655115,0.09721142953020771
-0.005156021151114899,0.0010388734474434179
-0.03314557475660148,-0.06031343459540124
-0.0018071952894499039,-0.0015340095779461764
0.019279686860301095,0.018826157282290774
-0.013228139317650614,-0.010909864343237962
-0.030519908477155914,-0.03756073277168894
0.04407769836328789,0.04279172379242365
0.004149927764726699,-0.004250026236100326
-0.018498954736300584,-0.011735370812503327
2.63574497412008e-4,0.0046959268318002715
0.020117319458581792,0.05889685540023615
-0.057367908317419766,-0.08143738595357297
-0.015968275879010667,-0.002672745695903848
-0.01718701637993431,-0.016365390211820263
-0.01218299438124561,-0.035994156856899835
-0.012078741130404231,-0.02079743625696741
0.02981283532012886,0.0544995704012584
-0.006168197195866592,-0.010825450791598456
0.012943352706686798,0.03295182521428059
0.024463480436641222,0.02971632400160666
-0.026115235884899154,-0.031177704155787595
-0.005407447598328927,-0.013691642435390458
-0.010851066566740699,-0.01480155929879722
0.03157928618282646,0.0278288388905707
-8.629448006557997e-4,0.0050985878075941495
0.01901536089940078,0.04156967123354869
0.007457784777567136,0.015686031614475307
-0.006778945018624,-0.03964744786903337
-0.010901903547766885,-0.01870774721615724
0.007703663087970061,0.025983391750248868
0.008548575437779699,0.02366644400281266
-0.031102981813097196,-0.04300821201278925
0.0031739519643128058,-0.0011111162484113857
0.010954163938859418,0.01042251808429794
-0.01517169292496558,-0.02798399681938448
-0.008198913122607232,-0.01367746665011804
0.008161963433885923,0.01880013621199642
0.011121386778032722,0.007873911434544835
0.018745133169873144,0.03451645850719954
0.018263962203655754,0.02880766674901583
-5.103630647147596e-4,-0.013494451783445167
0.031275548721246084,0.06825095611346599
-0.019022738697093016,-0.024789702233773896
0.010810116266884889,-0.007706022228006386
-0.013198933820474618,8.280222925117142e-5
-0.006447515329634652,-0.010942422786946208
-0.03995516851710317,-0.05272230104005685
0.003763256267633824,0.0014554809754339726
-0.05387984666779769,-0.06846805731063611
-0.009178411494082389,-0.008349283381003514
-0.02858075285387317,-0.0408915673806627
1.7790519593508024e-4,0.012620411373572673
0.03104288917129561,0.05827701203330359
0.010897665290164798,0.023303005787936718
-0.006210218692512438,0.0036458502302534296
0.01266016447347884,0.04767670617089142
-0.010509575200870439,0.006568434658532676
-0.018688947549357408,-0.012674801449817436
-0.010666384890490281,-0.021685380922427246
3.281869809124339e-4,0.00423393586987045
0.010901926182305883,0.0038131313005808696
-0.021397486065577967,-0.03048322369406017
-0.0018261282574184479,-0.014514308178663901
0.022819516079152915,0.00626892004003324
-0.002080332259032429,0.0011540254873310609
0.0095596248823559115,0.04177281375484449
0.03698620818168926,0.061661873622828774
-0.013726372509445132,-0.03233959503405299
-0.016104806919311383,-0.039035820768954906
0.024178638121177164,0.04051890751005604
0.004841204991677294,0.006150520885918968
0.022121093667463437,0.036961559113947176
0.010020033949839408,0.02137448302622243
-0.0221822743645572,-0.003443930951509628
-0.004428198956828999,-0.01644790641842887
0.036197197946641106,0.055331236132158734
-0.02703337538500668,-0.06778068972478318
0.006551536174323577,-0.0012873536875094992
-0.017942258888173787,-0.04511911308928158
-8.028164370416182e-4,-0.0023307915159845784
-0.003942357660587951,-0.03081378453150423
-0.03288140293979465,-0.04406583545964398
-0.008349978499554964,0.009891398671568333
-0.005896520227302563,0.021948948843854458
-0.008639828632978437,-0.019653480253297415
0.040197454255472304,0.051969254999324345
0.02927073381936754,0.07894321120192851
0.007967214326788817,0.004241090135387887
-0.011126979820979403,-0.0031446150260894036
0.015547682432862468,0.026668267535666205
0.023575985396495216,0.0356139010162287
-0.018973539718500156,-0.011182346407620598
0.015277642486058798,0.03558984921502964
0.022819267192264722,0.03974982214954092
-0.016333657767514668,-0.02075009791021158
0.02214598695773136,0.04007912153068936
-0.023660526276877987,-0.02422466887905452
-0.029589019237565174,-0.036718864311874065
-0.006255918891316374,0.010299898323630957
0.009465163222178942,0.003665175695466489
-0.032406440017925676,-0.033648011446031446
0.04604794342107998,0.04882267068770694
-0.019933068347985666,-0.04184581237211211
-0.0013814886660627212,-0.0027060931798542427
-0.03468102172964358,-0.06212094127022528
-0.009143815885648464,-0.005455777289907876
0.008012323897734396,0.004529708706641585
0.001623219880307499,-3.5579848900490335e-4
-0.002445170701476888,0.006114613381383785
-0.024245238706423932,-0.05602518024727201
-0.013918649758151401,-0.01743143237396803
0.022793392878939753,0.05279498260023458
-0.015648222190442415,-0.028908733103909436
-0.037431164606790836,-0.039238775112043794
-0.02375550274054174,-0.027572715046613797
-0.016840414199191144,-0.025858908184119636
0.011506372395352389,0.01113469674229158
0.02349913184003259,0.03403075008273582
0.017667424925817913,0.014561758268784522
-0.01892003800430723,-0.01027504374336108
-0.02731528509366674,-0.033202829218352846
0.010954887273621117,0.002536085937994564
0.030967009004447002,0.02595803891953422
-0.019937350252920857,-0.027172581035225723
-0.014637075908048698,-0.01072938140292262
0.01729386075171253,0.025912102281190216
0.0014529758678355196,-0.012523816543442421
3.665906779216925e-4,0.003976548867558476
0.015168259467128005,0.02917035139163403
0.00244205311580475,-0.01102148091377396
0.006653360826217607,-0.011385482488625616
-0.021268749629295498,-0.022313494176858465
2.6835571387754634e-4,0.012691694536819238
-0.027524652562264267,-0.050500778417821794
-0.011041919571631092,-0.029908310660400582
0.009896952308437058,0.0037057289202964603
0.03163960922581193,0.08544953761280621
0.02742800691500782,0.030112382712827897
-0.001228430221159517,0.0012746419455630232
-0.0134426359187882,-0.03858559519398962
-0.02117599470726256,-0.015994177439530483
-0.012616621010722615,-0.0184590148106115
0.022614179907663838,0.03363817368175683
0.0013112693951785057,0.009890266827113308
0.011180490779332825,0.03057662000622285
0.0251678569440147,0.02589064897925993
0.03849012925233928,0.055608349603292286
-0.016253833395456063,0.001081369566620719
0.014208600880886744,0.032715968811422566
-6.984791016008023e-4,0.016274752318147553
0.031382681081296354,0.029613197045783007
-0.03473185750998987,-0.06162674639411032
-0.01580989119585654,-0.02040107911616958
0.034705768950142504,0.04746865500456295
0.01449480494209018,0.018752714056830863
0.022578925658914593,0.027930835925278313
-0.008863367275342123,-0.020994930961442577
0.003998854198876033,-0.021389960169719082
-0.0032555124206143805,0.020508240325707798
0.0049538351532296375,0.010285323477307776
-0.008498409687556918,-0.0011589718596134242
-8.025326541542381e-4,-0.018565100294139606
0.010652032516105065,0.012302470118800405
-0.0036881922682477056,0.024839374628269285
0.010396577001880668,-0.008852635812559849
-0.013804301971655775,-0.00950270377942329
-0.020636150937818478,-0.022936490405236595
-0.023796464762988516,-0.040446533770537516
-3.180409938606469e-4,-0.011776499662300512
0.01800663160865416,0.019808406599378946
-0.010209629421091769,-0.024454311601727338
-0.01394323021380474,-0.013703430136049079
-0.03150414824534799,-0.06887494647444635
-0.02914887278458654,-0.06697134756031273
0.010769080582141108,0.012705432643657337
-0.00812468219619267,-0.007796054580502542
0.010331123950347833,0.013447152341614001
8.168240881450348e-4,0.0028757186109932952
0.0015377867408655436,-0.011233231892414009
0.00914380760616015,0.021888757328682014
3.6388705186731656e-4,-0.005561229954731842
-0.05210427923876954,-0.0832977196773852
-0.007107685701015437,-0.003818915532839096
-0.014788980404185874,-0.03148312872609716
-0.03468664082200254,-0.045182264635288974
0.015821455273831688,0.012021034276750163
-6.647464098098624e-4,-0.012019908113645011
0.012489695186043842,0.02142641030217124
0.02045645933506897,0.051958182824689676
-0.007841764929777003,-0.023498286030704238
-0.011784296977592552,-0.03189970898165972
-0.002570638251591101,-0.01741387190689578
0.0556702584740588,0.06153753792946772
-0.01946738132202496,-0.04132976581657639
0.03647468421300364,0.027960702563856563
0.014121371717012667,0.00971148283481988
-0.010225747142530139,-0.028369724301865264
-0.0025799666538220954,-7.636867255111441e-4
-0.011582200316381994,-0.0022211797440467016
0.03277084524400167,0.06146122551293371
-0.04297115345734268,-0.06325287811088601
-0.02795936807004999,-0.04887695197645011
0.016581497523397,0.018287256809344274
-0.03601915897642911,-0.031508203629730426
-0.023754393226644337,-0.0271033517827204
-0.038256374754119325,-0.048148653026073365
-0.011277889698737284,-0.008824084137895887
0.005424678486918213,0.031694791045574475
-0.03416352126609297,-0.039741636829761375
0.011417157698442093,0.025130796354788255
-0.006485561645978849,-0.011606108885463191
-0.006934675319013725,-0.014633765366080643
0.014913286064369077,0.025624956227028862
0.009658267760461107,0.017908060875800862
-0.005095756276176573,-0.0011498456606463176
0.023357280518741638,0.035817554182468105
0.0017718667596059543,0.0012806705019171535
-0.007377634460348354,-0.021404710581848823
-0.013703917229093521,0.010900363627560259
-0.006057064011541187,-0.012946534089779747
0.0012538665451220152,-0.0045705816313671484
0.01993767726482003,0.010336832593498433
-0.006640981218913539,-0.005005944913854367
0.015686635286345514,0.03185376898851898
-0.003421349718673614,-0.03478254379369838
-0.033050678245594996,-0.03408417495047232
-0.03271245240504159,-0.03313980271791004
-0.012597408778205468,-0.04917946630367761
0.02050606899132034,0.037752474690894176
0.008005044170679685,-0.0015090552064790795
-0.015006800420133906,-0.030405112023074835
0.0027413988479397314,0.02363014440331337
0.018738924979916853,0.0331880381674578
0.006078465779387483,0.014384038786716185
0.009933489469419986,0.012365425758344276
0.0057292253165795205,0.03165104817857697
0.020874295959787723,0.02923519118290377
0.02108342979309421,0.04233335344442082
0.009376101692458677,0.016458126918900494
-4.902756431938212e-4,0.006532776500425268
-0.0042244970101335474,0.006132381505154739
0.0017362969136655605,0.009745233563617258
-0.013575785164868112,-0.01763762559895849
0.032817428244197984,0.027911631182306645
-0.0075815858518615414,-0.017109907964150867
-0.021930133914073776,-0.0020676445056413474
0.009225195983782894,-0.008626757373374176
-0.014758735988905916,-0.023744855761583885
0.02667164405639472,0.04230188281577064
-0.0047872961292643856,-0.012668451888553133
-0.012896762244168976,-0.007982654184189555
-0.011309268602516947,-0.00963881715597971
-0.025888399786018364,-0.028715656735101496
-0.02208493071801895,-0.02890033104972604
-0.008405174265782593,-0.0026977965102301248
-0.035795766768940876,-0.014212483133621974
0.006681755897826066,-0.0035458144211459983
0.019866441887737993,0.02428857603026765
-0.025877488181869746,-0.033658257450504506
0.010310238313484347,-7.143105049965199e-4
-0.007113029544399947,-0.019631369337362616
-0.01685500211264234,-0.02264412462225984
0.0669779316690854,0.07816210596361788
0.02319914542631884,0.03603342993620504
-0.0069054518901271195,-0.006854353227741418
-0.0046100864546797585,-0.008153584228782703
-0.0037791659574433725,-0.005221292757388121
0.0016203847182292466,-0.015279974731263574
-0.018084078934926282,-0.009461900947053454
-0.0196581340403516,-0.015113599330147618
0.007745644731372129,-0.0043136850305534845
0.018400711927019777,0.025444579261817427
0.0011578698935113016,-0.0037176996553331923
0.003917212442689744,9.669437028450792e-4
-0.019110865385879108,-0.021681651502423103
-0.014654162376546615,-0.030801119278560222
0.007257902963153895,0.02163064386125448
-0.010591022042930776,-0.027994804872707644
0.008771379772755345,0.026360018945586705
-0.018176668731464552,-0.016215479945739915
-0.034294942353419115,-0.04274312142203094
0.022867727746062824,0.03029009998599788
0.02473935455931033,0.04528415902103626
-0.011526810254705502,-0.01366819054191818
-0.002820849165868457,0.019737408945599867
0.04780535664477107,0.05993663953989533
0.006976089704594722,0.0033140591896424214
-0.026182519560305026,-0.037030369237783134
0.015982613438644412,0.042041638342967654
-0.0015865692203863302,-0.009277830159182904
-0.017922719863936693,-0.021218746212537887
0.011689859846603786,0.011858955921909478
0.016159935206026245,0.004391137901992892
-8.603092296694231e-4,-0.0068477732641077215
-0.008275411456710128,-0.01563968322977912
-0.004695973435403388,0.011278348123892437
-6.603350176381034e-4,0.019360315748959564
-0.008047015642501487,-0.02545886729505954
0.0025413583711027085,-0.004914153163032077
-0.008016569025536364,-0.022612530011452435
-0.006646102220614215,-0.021797795112844992
-0.02203001772620636,-0.00733862961696378
-0.018861562148999193,-0.04588352858521528
-0.023014767363176886,-0.035653391933556294
0.009801140757003212,0.0016857762580145485
-0.025475601073343478,-0.030342741209670374
0.0411191808199483,0.08488819443052605
0.04244031901095575,0.05334283638746553
4.225576540923064e-4,0.007080070325362938
-0.01232037571948636,-0.002242585210996979
0.008704080714443207,0.009312692757389482
0.003383166120038161,-0.018387099875375564
0.034637310931402876,0.0553100978619963
-0.008877341533232077,-0.009200236717763237
-0.015279934859402131,-0.026668725791851162
0.006174384221643002,0.008610695353178188
0.008503297828897163,0.015798689462756775
-0.007011480502513613,0.002693935501225463
-0.05071488968110251,-0.05900571350663714
0.0029161709896988386,0.015009828832893406
0.026410825678041625,0.053711394975087916
-0.0028547748451165015,-0.026067167978046934
9.431547783498365e-4,0.011216501728312362
0.006386466012906029,-0.00714079387871314
0.0010827143874675487,-0.003696361192370203
0.03986595860908804,0.05630958241177918
-0.0018504382588086896,-0.00681703294458961
0.004134387337939982,-2.5154420609312404e-4
-0.007872254049064047,-0.021688255282299413
0.01693862335675202,0.03372150961494496
0.03939147452517277,0.053441340137721095
0.01684845538369557,0.02406702012591495
0.013015848604946853,0.014857692806257471
-0.0027080360530613197,-0.009192799939606686
0.02376982387732876,0.05332088472664776
-0.012210837868017662,-0.003025197041133594
-0.012720849889790274,-0.05073876813320526
0.016004508943422334,-5.387133446893552e-4
0.01310345625845635,-0.006950921191680429
-0.02609343923648759,-0.043984944097971164
-0.010491366738271064,2.599300032283446e-4
0.009096265900767429,-0.005356437788041001
2.292039215497236e-4,-0.005848371141699
0.013469098725568398,0.03144009860345333
-0.0013040900787927346,0.006395391672624571
0.012430739298502469,0.019965118010008377
0.0177529361325342,0.014394224145788134
-0.015518612939181244,-0.033507774116079456
0.00171299536316271,-0.0153843662228019
-0.011420714927528343,-0.011342519188091659
0.013614375462629787,-5.496945575921931e-4
-0.003315922734865465,0.010539715103976227
0.013049933505367782,0.012681639249237932
-0.030139115237507758,-0.047543796194851745
0.0321497335122421,0.02683237318866295
-0.027542559938708553,-0.04578359447724528
-0.01338251673008805,-0.009157531433868998
0.008437571566804022,0.0025096253408352777
-0.010056946746130859,-0.017614240574360396
0.006549355568406547,0.024153691360233768
-0.027232243744145387,-0.04080373575618331
-0.014021864816039125,-0.009846743355463948
-0.04659393639346149,-0.0688840501014943
0.0026646050439813854,0.020814625109249175
-0.02508546135381066,-0.04014643062680031
0.0037406221574190516,-0.003064190821332743
-0.006831929162424727,-0.020773051238486325
0.01880191350281789,0.028881515524460433
-0.013295471451286116,-0.013573937512845769
-2.8187010238850104e-4,-0.005721636109731496
0.01141953747415996,0.011024328333529875
-0.02088547053290488,-0.018905163447357872
-0.002764651670110183,0.011751594435982804
-0.00883979772965353,-0.03027994680783252
-0.007642372596420831,-0.018092721152013415
0.028279846326392896,0.04406515899153643
0.015765243583924265,0.026258872742798308
0.03952817200819285,0.04950515535926503
0.006310320740222938,-0.011481477346694233
0.0010741991981669907,0.01565276769139846
-0.03838061783142311,-0.050990338623198204
0.04499999933337757,0.05519074127816808
0.0015171132157692508,0.010356195020415423
-0.033885876427769794,-0.05373189539101894
0.01728881729112571,0.01924162272956121
-0.009510280012669197,-0.005402466420739057
0.00693584538236686,0.014387741674406953
0.005817817787439703,0.013857665524118686
0.01034933548071473,0.023132423873941186
-0.020907102500309967,-0.02939411707837009
0.007191869943341778,0.009859429148025645
-0.02017422566085808,-0.02293079095001168
0.016117550988005307,0.03091602166472619
0.005201994999694809,0.0056522404430128514
0.006045341944179489,0.021977591541802635
-0.002511714061960275,0.01475112430014351
-0.047499288779814935,-0.048536659891233146
-0.03177096737870717,-0.03766752480299226
0.005039280281959178,0.03544407675823242
-0.031209090840394346,-0.06262587892715718
-0.016205945881363464,-0.029106679522719784
0.01755675717714477,0.024148016177825162
-0.02698574969319737,-0.03905168489169751
0.017833963191123917,0.02269960635970256
-0.003919918666837566,-0.01303623207726304
0.02800747748508789,0.037908622614246705
-2.1416329740565063e-4,0.015307577772430653
-0.01892542593015526,-0.020627112913006895
0.0031251930819581417,-0.012188610141545592
0.012066833677734937,-0.002187023662692113
0.003208423271432453,0.01911346737101903
-0.019912558687724406,-0.01849220757698904
0.009980805516940286,0.023525133287762224
-0.041063160633519044,-0.04267729837791933
0.007570969549368997,0.00943040278604685
0.013882211974968464,0.04206829115567188
0.010624272395107074,0.008333202849184618
0.021575076003406156,0.029221809518006313
-0.026198728232149887,-0.06244097068936643
-0.04719110832282028,-0.0873136057110751
-0.022059996134584477,-0.02842297919070659
0.019747416416158962,0.040288783358463934
-0.005893932374854681,-0.026135515810374255
-0.010541335080276762,-0.014345537646685462
0.007563780268456281,0.027469923538344987
-0.0026565102657517456,-0.002047354885311013
0.012924626942364778,0.014349586320436238
0.02357854630031905,0.04591163976146157
-0.01405958640562299,0.002254120886124545
-0.002206121764596859,0.0035660161409595903
-0.012405498686059883,-0.04899610127143739
-0.01579821954123204,-0.034135481698510946
-0.007688428631116203,-0.010405090644440005
0.0034469236929576927,0.005790924730453603
0.014371003219199414,0.03996679044181216
0.008870539856306918,0.006437109100838437
0.004955242294506078,0.007052789357132231
0.01302470205533327,0.012742492951447885
0.009868201583590924,0.021202711363838556
-0.0051874727307506495,-0.007169671269638741
0.0030085238316446897,0.017169464330642054
-0.011325359143474503,0.0028198967968318923
-0.04062107863491575,-0.03806901976330027
0.03103477329718566,0.059489153784345106
0.02013237473562069,0.041745055908557024
-0.03533054436250368,-0.060977851391946135
-0.020950588510191277,-0.014573765674790443
-0.00651256704821019,-0.020974110162313004
0.01786678172686136,0.024268492178305342
0.01446434428143738,0.032101725065827307
-0.01856831127220122,0.0017707183260830621
-0.0033678077337233503,-0.01772537195947982
-0.01012764969385267,-0.030213947637243124
-0.013559571962784083,-0.03215400521912929
0.013667871811965522,0.010655564592099032
-0.013581268712908585,-0.005069206178633802
-0.004256660996130503,-0.008434279260243661
-0.011956702393902464,-0.02060217744103725
0.04711862171059582,0.048589016206620955
-0.020054804631386133,-0.019194157172705603
0.017062938989524587,0.041936187624089606
0.004057032468092971,0.012164557567291876
0.024668196728952114,0.025884768404087353
-0.01174648639942331,-0.02746164665011375
0.01639148217000993,0.04020750220919805
-4.1096816907647553e-4,-0.003789836450177705
-0.016058443677559615,-0.015186969418182017
-0.0062309417484785745,-0.008791126073589804
-8.253229414247525e-4,-0.019291431082110386
0.01214739325938781,0.015504066153552393
-0.011123122007563638,-0.004773637880808014
0.00467959346335356,-0.011234635138343448
-0.050267380612792734,-0.094641085486636925
0.0023213563985873967,0.011742369539284472
-0.02822004841793398,-0.0420930795191558
0.002214248969324597,0.008218345483696115
0.016209592707139057,0.03884547137734374
0.030333800772042067,0.031189775816689923
0.004962232636450362,-0.006825700394422062
0.02200659577844823,0.024159125614822374
-0.0024041686956703693,-0.02451759382894175
-0.02782855677548757,-0.033463620635213666
0.014346166548929493,0.017477295122929004
0.04266332806420681,0.050167208885481186
7.686167841837172e-4,-0.01706229246112943
-0.008567197276408861,-0.007379824465726891
0.003625412573927535,0.017193073082557724
-0.02521866220359973,-0.04243178152539673
-0.03550353012522741,-0.058672912603721886
0.017886892439094106,0.014888582522465232
0.0015147173058041989,-0.0027661372440625875
-0.03399363921830702,-0.05027915473075699
0.00697169578603204,0.028700758807083476
0.0158163843925893,0.029278954860812806
-0.027119253300910442,-0.0191827793266044
0.038949872270590914,0.05062376765243691
0.027301649694002485,0.040160776935741535
0.022380591888223472,0.044624315277798095
9.052086381482337e-4,0.010000325613310055
-0.014750516356560169,-0.05429655653863407
-0.015124990900273588,-0.028491484806979966
-0.023691173316228668,-0.024507617288425043
0.017702366811039087,0.01992762433394136
-0.0016800954255479696,0.010588356436121243
-0.008770484041898318,-0.036932045310711224
-0.014651066954621428,-0.007953993444843486
0.03998779721519246,0.03473756864363197
0.0071636008087760696,-1.0132388765262746e-4
-0.0033446819664227573,0.007900126536647845
0.03315783860384171,0.05370915462280009
-0.01679942375028142,-0.02895099056855521
-0.04228664191981441,-0.06390627489158836
0.016192520153544242,0.03712551640144783
-0.02967013710903576,-0.04514322104022554
-0.03570089300520928,-0.06938973492478745
-0.009028344777943882,-0.02249071801527194
0.021054699729788788,0.02528913937284787
-0.023627108835905915,-0.035491560380213734
0.038778417522746036,0.0509509025029112
4.593301987255977e-4,0.01868025904380039
-0.001788280956237149,-0.010428870419381413
0.029294594021834056,0.04145433916481764
-0.033461501652139056,-0.04744454056489193
0.008044737460746484,0.01771740013766775
0.006119921576727232,-5.91125984052398e-5
-0.029908571279110945,-0.0425439359170048
-0.02021408454615436,-0.0356770325102179
0.06030663867691896,0.07455036476290401
